{
"doc_type": "pbf2_calo_mc_conf",

"detector_construction": {
    "material_properties": {
        "G4_AIR": {
            "RINDEX": [ [100, 1.000001], [2000, 1.000001] ],
            "ABSLENGTH": [ [100, 1e7], [2000, 1e7] ]
        },
        "PbF2": {
            "RINDEX": [
                [200, 2.57], [250, 2.02], [300, 1.94], [350, 1.82], 
                [400, 1.75], [600, 1.76], [800, 1.75], [1240, 1.74]
            ],
            "ABSLENGTH": [ [100, 1e3], [2000, 1e3] ]
        },
        "Nusil": {
            "RINDEX": [
                [250, 2.126], [300, 1.755], [411, 1.6015], [589, 1.5677],
                [833, 1.555], [950, 1.552]
            ],
            "ABSLENGTH": [ [100, 1e3], [2000, 1e3] ]
        },
        "Epoxy": {
            "RINDEX": [ [100, 1.5], [2000, 1.5] ],
            "ABSLENGTH": [ [100, 1e3], [2000, 1e3] ]
        },
        "G4_Si": {
            "RINDEX": [ [100, 1.5], [2000, 1.5] ],
            "ABSLENGTH": [ [100, 1e3], [2000, 1e3] ]
        }
    }
},

"physics_list": {
    "name": "uw",
    "production_cuts": {
        "DefaultRegionForTheWorld": [ 1000, 10, 10, 1000 ],
        "AlPlate": [ 3000, 55, 55, 3000 ],
        "PbF2": [ 900, 27, 28, 0 ],
        "SiPlate": [ 3000, 65, 65, 3000 ]
    }
},

"action": {
    "event": {
        "printModulo": 10
    }
}

}

